created_at	text	user__location	entities__hashtags__text	entities__hashtags__text			
Mon Nov 02 22:52:18 +0000 2015	Este asueto nomás existe para que yo quisiera dormir todo el día.	CUU					
				hiring	7		136
				HealthWelfare	1		
				Dallas	3		
Mon Nov 02 22:52:20 +0000 2015	@willie2nelson @DuvalCole HOW DID YOU KNOW?!	null		Job	7		
				Jobs	4		
				CareerArc	4		
				PuertoVallarta	5		
Mon Nov 02 22:52:20 +0000 2015	this is how all of my convos are?? https://t.co/uAuVkprYBz	"newton, texas"		Condo	5		
				Renta	5		
				FinDeSemana	5		
				turismofamiliar	5		
Mon Nov 02 22:52:21 +0000 2015	@MrChickfila shout out***	danny's heart 		vacaciones	5		
				MéxicoVíveloparacreerlo	5		
				Ram	1		
				Truck	1		
Mon Nov 02 22:52:22 +0000 2015	@AvraCadavre @Marbe  —Te amo.  —Yo tampoco.	Ciudad de México		BlueBellisBack	1		
				BlueBell	1		
				Bryan	1		
				Labor	1		
Mon Nov 02 22:52:23 +0000 2015	I saw the ocean for the first time & I fell in love?????? @ Padre Island… https://t.co/K0Fk2CuA8t	null		IHOP	1		
				DTX	1		
				mondaymotivation	1		
				youknowwho	1		
Mon Nov 02 22:52:23 +0000 2015	It's hard to find somebody ready it's even harder keeping things steady	theQueen .. ?		thenotyetpsychologist	1		
				Mesquite	1		
				Hospitality	2		
				CrossRoads	1		
Mon Nov 02 22:52:24 +0000 2015	@puccioayee Ayeee you knoww ???? * dabb*	null		Retail	1		
				Finance	1		
				EyePops	1		
				DallasWings	1		
Mon Nov 02 22:52:25 +0000 2015	@ovoalex_o ????????	"Splendora / Houston, Tx"		femaleballers	1		
				beELITE	1		
				Open7DaysAWeek	8		
				ITakeAllMajorCreditCards	8		
Mon Nov 02 22:52:28 +0000 2015	Walking home ??	null		BookWithBMESirJae	8		
				MakeYouAnAppointmentNow	8		
				brands	1		
				business	1		
Mon Nov 02 22:52:29 +0000 2015	"""oh she's a hoe I'm gonna choose her over this non-hoe"" -almosteveryguyever"	rhhs		AnchorFlag	1		
				Texas	1		
				Canon	1		
				LargeFormat	1		
Mon Nov 02 22:52:31 +0000 2015	ON THE PLUS SIDE I GET TO SEE MY DOG IN 2 HOURS??	Ole Miss KKG		vinyl	1		
				NoShaveNovember	2		
				JustSaying	1		
				RandomArtMixer	1		
Mon Nov 02 22:52:32 +0000 2015	"I'm at Escolleras Miramar in Madero, Tamaulipas https://t.co/DAHPLXaii1"	"Villabonita, Tabasco."		HaveItAll	1		
				TBtoSaturday	1		
				bodypump	1		
				gymtime	1		
Mon Nov 02 22:52:33 +0000 2015	Teeth. Yes.  https://t.co/oTwHC6l3cA	YouDontHaveEnough.com 		nevergiveup	1		
				pushyourlimits	1		
				flood2015	1		
				smoothmoves	1		
				Nursing	1		
				Richardson	1		
				RoundRock	1		
							
							
							
							
							
Mon Nov 02 22:52:33 +0000 2015	"We're #hiring! Click to apply: Spa Massage Therapist - https://t.co/5euvNRtgQb #HealthWelfare #Dallas, Texas #Job #Jobs #CareerArc"	"DFW, Texas"	hiring				
			HealthWelfare				
			Dallas				
			Job				
			Jobs				
			CareerArc				
Mon Nov 02 22:52:34 +0000 2015	"At rehearsal with my ""bruder"" https://t.co/HdGZyg21nk"	Texas					
							
							
							
Mon Nov 02 22:52:35 +0000 2015	Am i cute .? Lol	"Garland, TX"					
							
							
							
Mon Nov 02 22:52:36 +0000 2015	#PuertoVallarta #Condo #Renta V399 501 https://t.co/BOSxsJ0Nsj #FinDeSemana #turismofamiliar #vacaciones #MéxicoVíveloparacreerlo	"Puerto Vallarta, Mexico"	PuertoVallarta				
			Condo				
			Renta				
			FinDeSemana				
			turismofamiliar				
			vacaciones				
			MéxicoVíveloparacreerlo				
Mon Nov 02 22:52:37 +0000 2015	@pagesofle  I read Diary of her lies.	null					
							
							
							
Mon Nov 02 22:52:37 +0000 2015	"Courage is knowing what the outcome could be, but doing it anyways"	"Texas, USA"					
							
							
							
Mon Nov 02 22:52:38 +0000 2015	@sammantha_2018 :-)	null					
							
							
							
Mon Nov 02 22:52:39 +0000 2015	Bouta get fired	lost in the sauce 					
							
							
							
Mon Nov 02 22:52:40 +0000 2015	Yte Twitter vs Black Twitter https://t.co/Sd6KKi4Cp2	Under the Sun 					
							
							
							
							
							
							
							
Mon Nov 02 22:52:42 +0000 2015	your mind is so powerful	null					
							
							
							
Mon Nov 02 22:52:42 +0000 2015	@chloe_c_c i hate u :)	null					
							
							
							
Mon Nov 02 22:52:43 +0000 2015	"Big D it's been mad real but back to the money ?????????????????? (at @DallasLoveField (DAL) in Dallas, TX) https://t.co/llpw4KbVOX"	The District					
							
							
							
Mon Nov 02 22:52:45 +0000 2015	Satterwhite homeroom only: Social Studies test tomorrow over week 3 and week 4.	null					
							
							
							
Mon Nov 02 22:52:45 +0000 2015	"@BrazielBrian @wfaachannel8 Well, let's see.. They were aware of the problem and let it continue so yeah. Pretty much. @benandjerrys didn't"	"Dallas, Tx"					
							
							
							
Mon Nov 02 22:52:47 +0000 2015	double woah.. ?? https://t.co/f9zmQNPV2L	null					
							
							
							
Mon Nov 02 22:52:47 +0000 2015	@echointhebone I think you should bid on #44367 and have it framed & present it to Bear! https://t.co/sDkTRG133h	"Puriscal, Costa Rica"					
							
							
							
Mon Nov 02 22:52:48 +0000 2015	@Mikeail_Perkins Happy Birthday ??	DTX 					
							
							
							
Mon Nov 02 22:52:49 +0000 2015	@mattdpearce That says more about the bottomless pit of sadness that is KU athletics than anything about KC	"Houston, AZ"					
							
							
							
Mon Nov 02 22:52:49 +0000 2015	Need To Find A Job In The A.M ????	null					
							
							
							
Mon Nov 02 22:52:49 +0000 2015	life is stressful when you don't live with your parents anymore	dallas					
							
							
							
Mon Nov 02 22:52:50 +0000 2015	If I say nothing's wrong & im pissed you probably shouldn't start bitching at me	null					
							
							
							
Mon Nov 02 22:52:50 +0000 2015	There are 2 accidents on 1103	757 ? 210					
							
							
							
Mon Nov 02 22:52:51 +0000 2015	@CaitlynIngram_ employee of the month ????	Everywhere You want to be?¿ TX					
							
							
							
Mon Nov 02 22:52:51 +0000 2015	its all mind over matter	null					
							
							
							
Mon Nov 02 22:52:52 +0000 2015	Only a few more months and I am moving the fuck out??????	Lost in Texas					
							
							
							
Mon Nov 02 22:52:52 +0000 2015	Alot of people think I'm mean to them but they get whatever they want so they don't complain lol	Somewhere in Texas					
							
							
							
Mon Nov 02 22:52:52 +0000 2015	"@Nissan with the new @DDaudio system.. two 12"" @DDaudio 200 series & AM1 amplifier Installation at @genesiscarsound https://t.co/dAiILBUf0e"	null					
							
							
							
							
							
							
							
							
							
							
							
Mon Nov 02 22:52:54 +0000 2015	@rachelkcain yah I still need food for that ?? and a recipe....	"Dallas, TX "					
							
							
							
Mon Nov 02 22:52:54 +0000 2015	"Sorry hun, but I’m not here for your 200+ cleavage pics and 170k followers."	Dallas					
							
							
							
Mon Nov 02 22:52:55 +0000 2015	Don't need negativity in my life????	village wanker 					
							
							
							
Mon Nov 02 22:52:55 +0000 2015	@SportsSturm @ssharrison99 Or how about that hit Bennet put in Romo's ear hole his last season in Tampa during the Officials holdout!	null					
							
							
							
Mon Nov 02 22:52:58 +0000 2015	I'm your wcw body goals ??	"Dalla$, Texa$"					
							
							
							
Mon Nov 02 22:52:59 +0000 2015	Faithful Dudes They Don't Come Around So When He Get Home Better Take Him Down	theQueen .. ?					
							
							
							
Mon Nov 02 22:52:59 +0000 2015	@BasebaIIDreamz @BaseballDoucher @Cameron_Ginger @BristerBrennan @BWood_chuck	"Texas, USA"					
							
							
							
							
Mon Nov 02 22:52:59 +0000 2015	iPhone chargers suck	"Del Rio, Texas"					
							
							
							
Mon Nov 02 22:53:03 +0000 2015	#PuertoVallarta #Condo #Renta V399 504 https://t.co/0xTqBwAGR6 #FinDeSemana #turismofamiliar #vacaciones #MéxicoVíveloparacreerlo	"Puerto Vallarta, Mexico"	PuertoVallarta				
			Condo				
			Renta				
			FinDeSemana				
			turismofamiliar				
			vacaciones				
			MéxicoVíveloparacreerlo				
Mon Nov 02 22:53:03 +0000 2015	@shawnrohdenburg but Papi was just rapping while throwing up the U.	Dallas 'burbs					
							
							
							
Mon Nov 02 22:53:05 +0000 2015	2015 has been a blur	null					
							
							
							
Mon Nov 02 22:53:06 +0000 2015	@AndreaTantaros @thedailybeast and the sad thing is they vote:(	null					
							
							
							
Mon Nov 02 22:53:07 +0000 2015	The new owner of this #Ram #Truck has great taste in colors... love the orange!  His review: https://t.co/Ea0MI77C5s https://t.co/24AbAenD2b	"2122 N Center, Bonham, Texas"	Ram				
			Truck				
							
							
Mon Nov 02 22:53:07 +0000 2015	#BlueBellisBack ???? #BlueBell https://t.co/HK0xqSJsC1	"Mexia, TX"	BlueBellisBack				
			BlueBell				
							
							
Mon Nov 02 22:53:09 +0000 2015	So beyond done with this damn pig	null					
							
							
							
Mon Nov 02 22:53:13 +0000 2015	"I'm so territorial when it comes to you, I don't mean it in a bad way, I just know how bitches are and they have no respect. Js."	"Stressed, TX"					
							
							
							
Mon Nov 02 22:53:13 +0000 2015	For those of you wondering...I bought my Blue Bell at 7:45 this morning	"Texas, USA"					
							
							
							
Mon Nov 02 22:53:15 +0000 2015	"""The only part I know of partition is the drunk in love part"" -coworker  ............those are 2 different songs hunty:/"	"Dallas, TX"					
							
							
							
Mon Nov 02 22:53:16 +0000 2015	Dragon ball Z Majin Buu series is ??	C a l m ?? S o u l 					
							
							
							
Mon Nov 02 22:53:15 +0000 2015	Which one can yall go without?	"Corsicana, TX"					
							
							
							
Mon Nov 02 22:53:16 +0000 2015	How can you not like the food at Hooters? Mostly the fried pickles!!	"Dallas,TX"					
							
							
							
Mon Nov 02 22:53:18 +0000 2015	In the nutttyy	null					
							
							
							
Mon Nov 02 22:53:20 +0000 2015	There should be a school policy that you can only open your mouth if what your about to say isn't annoying/offensive	"Plano, TX"					
							
							
							
Mon Nov 02 22:53:20 +0000 2015	@ToriMarie2018  https://t.co/jkCMp1wSBE	Probs on the phone w/ him 					
							
							
							
Mon Nov 02 22:53:21 +0000 2015	@elizondo_omar what's up bro	"Robstown, TX"					
							
							
							
Mon Nov 02 22:53:22 +0000 2015	@Mikeail_Perkins Happy Birthday ??	DTX 					
							
							
							
Mon Nov 02 22:53:23 +0000 2015	Do I give a fuck? Hardly	Chasing Money					
							
							
							
Mon Nov 02 22:53:25 +0000 2015	This is me! https://t.co/2RKIYm6HTs	SC: Bri.Martinex					
							
							
							
Mon Nov 02 22:53:29 +0000 2015	@ajmontoya17 @clarijandra_ don't get mad cause she doesn't call you bestfriend ??????	Guanajuato.					
							
							
							
Mon Nov 02 22:53:31 +0000 2015	Pussy niggas actin like they never had shit	INTERNATIONAL??DALLAS					
							
							
							
Mon Nov 02 22:53:33 +0000 2015	BRO BRO GOOD ???????????????? @Clyde_FadeAll	"DeSoto/Bryan , TX"					
							
							
							
Mon Nov 02 22:53:40 +0000 2015	"Cook - IHOP ACG Texas: (#Bryan, TX) https://t.co/JD8JCbe5SF #Labor #IHOP #DTX #Job #Jobs #Hiring https://t.co/8qAlodhFTh"	"Richardson, TX"	Bryan				
			Labor				
			IHOP				
			DTX				
			Job				
			Jobs				
			Hiring				
Mon Nov 02 22:53:40 +0000 2015	"oml, it's all so beautiful ?????? https://t.co/n306fIzmWO"	214					
							
							
							
							
							
							
							
							
							
							
							
							
							
							
							
Mon Nov 02 22:53:41 +0000 2015	Loved it. Here it is: #mondaymotivation Unless you can go to the library ;) #youknowwho #thenotyetpsychologist   https://t.co/8nCNu2QIty	"San Antonio, TX"	mondaymotivation				
			youknowwho				
			thenotyetpsychologist				
							
Mon Nov 02 22:53:41 +0000 2015	"@cswriter If I may ask, do you have a go-to meatball recipe that you like?"	"Dallas, Texas"					
							
							
							
Mon Nov 02 22:53:42 +0000 2015	I'm just tryna get some food	757 ? 210					
							
							
							
Mon Nov 02 22:53:43 +0000 2015	#PuertoVallarta #Condo #Renta V399 408 https://t.co/S4sgomn74i #FinDeSemana #turismofamiliar #vacaciones #MéxicoVíveloparacreerlo	"Puerto Vallarta, Mexico"	PuertoVallarta				
			Condo				
			Renta				
			FinDeSemana				
			turismofamiliar				
			vacaciones				
			MéxicoVíveloparacreerlo				
Mon Nov 02 22:53:43 +0000 2015	@JadenCollinWeir hahahahaha no like a real popcorn machine	Red Oak					
							
							
							
Mon Nov 02 22:53:44 +0000 2015	"In a digital age, is there still a place for live events? I think so. @rejuvenatemtgs"	"Ashland City, TN"					
							
							
							
Mon Nov 02 22:53:45 +0000 2015	this easy  https://t.co/YbxOyfhQ1f	null					
							
							
							
							
							
Mon Nov 02 22:53:50 +0000 2015	Imma Treat My Man So Fucking Good ???????	theQueen .. ?					
							
							
							
Mon Nov 02 22:53:50 +0000 2015	I know I'm annoying but I miss my habibs so so much ???? https://t.co/jTzGMpw3qO	null					
							
							
							
							
							
							
							
Mon Nov 02 22:53:50 +0000 2015	SAME :(  https://t.co/km1DXFPxqx	with ya man 					
							
							
							
Mon Nov 02 22:53:50 +0000 2015	"See our latest #Mesquite, TX #job and click to apply: Server - https://t.co/3uFvY7VwHV #Hospitality #Hiring"	null	Mesquite				
			job				
			Hospitality				
			Hiring				
Mon Nov 02 22:53:50 +0000 2015	"Retail Store Positions - CVS Health: (#CrossRoads, TX) https://t.co/EAUKuWfiJF #Retail #Job #Jobs #Hiring #CareerArc"	"DFW, Texas"	CrossRoads				
			Retail				
			Job				
			Jobs				
			Hiring				
			CareerArc				
Mon Nov 02 22:53:51 +0000 2015	new avi w @aaliyahsumm ?? https://t.co/enIbqsNGfc	"forney, tx"					
							
							
							
Mon Nov 02 22:53:53 +0000 2015	"If you're a #Finance professional in #Dallas, TX, check out this #job: https://t.co/hB53ZlZG4L #Hiring #CareerArc"	"DFW, Texas"	Finance				
			Dallas				
			job				
			Hiring				
			CareerArc				
Mon Nov 02 22:53:56 +0000 2015	"@AvraCadavre @Marbe  —Te amo.  —Ah, chingado. ¿Y yo qué te hice?"	Ciudad de México					
							
							
							
Mon Nov 02 22:53:56 +0000 2015	this bunny needs new home asap	dallas					
							
							
							
Mon Nov 02 22:53:57 +0000 2015	Interesting day at work ??	"Porter, Texas"					
							
							
							
Mon Nov 02 22:53:57 +0000 2015	@sammantha_2018 :-)	null					
							
							
							
Mon Nov 02 22:54:01 +0000 2015	https://t.co/r6NILRqrcD	"Addison, TX"					
							
							
							
Mon Nov 02 22:54:04 +0000 2015	"""just friends"" my ass"	null					
							
							
							
Mon Nov 02 22:54:05 +0000 2015	That really just pissed me off.	"Dallas, flexas."					
							
							
							
Mon Nov 02 22:54:07 +0000 2015	@BrazielBrian @wfaachannel8 and I'm being halfway sarcastic here P1.	"Dallas, Tx"					
							
							
							
Mon Nov 02 22:54:08 +0000 2015	@christian_h3 get the tattoo!	null					
							
							
							
Mon Nov 02 22:54:11 +0000 2015	@BrianaWinn easy just type in TJC legend or skateboard girl	null					
							
							
							
Mon Nov 02 22:54:14 +0000 2015	@LV_Douglas @Showtime781 miss you mf can't wait till I'm back going a lot ????	Texas for now 					
							
							
							
Mon Nov 02 22:54:14 +0000 2015	THAT. and I'm just a jealous person in general. I have reason to be though.	"Stressed, TX"					
							
							
							
Mon Nov 02 22:54:16 +0000 2015	I just finished a 4 page essay  I can conquer anything  Except being responsible lol count me out dude	null					
							
							
							
Mon Nov 02 22:54:17 +0000 2015	My life is a movie and everyone is watching	null					
							
							
							
Mon Nov 02 22:54:17 +0000 2015	THIS IS GREATNESS ?????? https://t.co/yVzyD0iLq7	"Dallas, TX"					
							
							
							
Mon Nov 02 22:54:18 +0000 2015	"""In 29 minutes"" ????"	"Dallas, TX"					
							
							
							
Mon Nov 02 22:54:19 +0000 2015	colorless life	Turn on notifications ??O					
							
							
							
Mon Nov 02 22:54:19 +0000 2015	"I see anyone wearing this, I'm walking the other way https://t.co/LXJOrINrUK"	"Wylie, Texas"					
							
							
							
Mon Nov 02 22:54:23 +0000 2015	Our ex's are fucking around but fuck it. We ain't trippin https://t.co/KrNGN3kRe7	"Irving, Tx "					
							
							
							
Mon Nov 02 22:54:25 +0000 2015	Who are you to go and run your mouth about my business. I'm sure you wouldn't like it if I did the same	null					
							
							
							
Mon Nov 02 22:54:25 +0000 2015	@Ogmin Oh no. Peace be with you in this difficult time.	Dallas					
							
							
							
Mon Nov 02 22:54:27 +0000 2015	@__Autumnnn__ @Jayllaaa_ whatever you say Lil mama	null					
							
							
							
Mon Nov 02 22:54:28 +0000 2015	@Manolo_Lifted actually I have but I've also met some that r unfaithful af n b doin dawg shit to their bms but that's none of my business????	"Dallas, TX"					
							
							
							
Mon Nov 02 22:54:29 +0000 2015	SoMe shit I would do bc I'm dumb  https://t.co/kyeDezCiO1	somewhere w/ my headphones in					
							
							
							
Mon Nov 02 22:54:33 +0000 2015	Do complex listen hip hop or do they let their interns handle that section?	Under the Sun 					
							
							
							
Mon Nov 02 22:54:35 +0000 2015	are you coming to watch the first playoff game against lovejoy at 7:30 at plano senior????!!!!	ihs '16					
							
							
							
Mon Nov 02 22:54:36 +0000 2015	back row in the middle that's my bestfriend that's my bestfriend ?? @brynleebear  https://t.co/Z5TpbqjNH1	"Lewisville, TX"					
							
							
							
Mon Nov 02 22:54:38 +0000 2015	@joselynmari__ @amaris_wilsonn @Gabbyy_Lou us ASF!  https://t.co/hHsSulAQea	null					
							
							
							
Mon Nov 02 22:54:38 +0000 2015	Craving some @Starbucks right now	"Shelbyville, Tx"					
							
							
							
Mon Nov 02 22:54:39 +0000 2015	If you're not living at high standards then why are you living?	Turn on notifications ??O					
							
							
							
Mon Nov 02 22:54:40 +0000 2015	So @odesza will be in ATX this weekend & so will I ????	Cstat					
							
							
							
Mon Nov 02 22:54:44 +0000 2015	https://t.co/jmypE6DdfQ	"Addison, TX"					
							
							
							
Mon Nov 02 22:54:46 +0000 2015	Nice little nap	null					
							
							
							
Mon Nov 02 22:54:50 +0000 2015	"When you haven't ran for about a week or two and coach hits you with the ""timed mile today"" ????"	DTX					
							
							
							
Mon Nov 02 22:54:51 +0000 2015	Last season Curry used 32 more possessions than Boogie. He scored 479 more points. #EyePops	"Chicago, Il"	EyePops				
							
							
							
Mon Nov 02 22:54:51 +0000 2015	Who Tryna get something to eat?!	Dallas					
							
							
							
Mon Nov 02 22:54:54 +0000 2015	@laurenjacobyy SAVE SOME FOR ME	Dallas 					
							
							
							
Mon Nov 02 22:54:54 +0000 2015	.@SamHeughan Fundraiser for Bloodwise has 4 hours left! Retweet to get more bids in?  https://t.co/sDkTRG133h @caitrionambalfe @Writer_DG	"Puriscal, Costa Rica"					
							
							
							
Mon Nov 02 22:54:56 +0000 2015	Haha nice  https://t.co/FEcsbd2bgp	"Dallas, TX"					
							
							
							
Mon Nov 02 22:54:57 +0000 2015	All these Acapella videos have me dying ??????????	"Texas, USA"					
							
							
							
Mon Nov 02 22:54:58 +0000 2015	Lie to my face again I dare you	"Irving, Tx "					
							
							
							
Mon Nov 02 22:54:58 +0000 2015	Be Glad when this day is over...	Dallas Texas					
							
							
							
Mon Nov 02 22:54:59 +0000 2015	The most beautiful thing is to see the person you love smiling... And even more beautiful knowing that you're the reason behind it.	"Pearsall, TX"					
							
							
							
Mon Nov 02 22:54:59 +0000 2015	Mind... Blown... ?? https://t.co/lBYtA9uuXw	"Tomball, TX"					
							
							
							
Mon Nov 02 22:55:00 +0000 2015	?????? https://t.co/3b9sNE0JUN	"Dallas, TX"					
							
							
							
Mon Nov 02 22:55:00 +0000 2015	I hate hate hate disrespectful boys.	null					
							
							
							
Mon Nov 02 22:55:01 +0000 2015	Saved a kitten that was trapped in my car engine ??	"Porter, Texas"					
							
							
							
Mon Nov 02 22:55:02 +0000 2015	@KMack13__ ????????????	"Texas, Babyyyy ??"					
							
							
							
Mon Nov 02 22:55:02 +0000 2015	"It's sad how many providers spam deals/msgs publicly when other providers have network issues. Like come on, your network is still worse."	"Dallas, TX"					
							
							
							
Mon Nov 02 22:55:04 +0000 2015	@MarcLobliner just wait till those ear hairs start growing crazy	TEXAS					
							
							
							
Mon Nov 02 22:55:04 +0000 2015	@shawnrohdenburg these two items are on my Christmas list. https://t.co/zPEKRZ6U1n	Dallas 'burbs					
							
							
							
							
							
							
							
Mon Nov 02 22:55:06 +0000 2015	LMFAOOOOOOOOOOOOOOOOOOOOOOOOOOOOOOOOOOOOOOOOOOOOOOOOOOOOOO https://t.co/Cu96HSksBd	El Bat Cavé					
							
							
							
Mon Nov 02 22:55:06 +0000 2015	@DarianLaplante  https://t.co/6h4sx0zHBH	null					
							
							
							
Mon Nov 02 22:55:08 +0000 2015	"@heidixj Irving, lets go to BWW or sum"	"$$$, TX. "					
							
							
							
Mon Nov 02 22:55:08 +0000 2015	Welcome to Dallas! We are more than excited about our new sisters on the court #DallasWings #femaleballers #beELITE https://t.co/sQqj7t90pp	"Dallas, TX"	DallasWings				
			femaleballers				
			beELITE				
							
Mon Nov 02 22:55:09 +0000 2015	#Open7DaysAWeek  #ITakeAllMajorCreditCards #BookWithBMESirJae https://t.co/8xr0QxexIw #MakeYouAnAppointmentNow https://t.co/sL7Yex9CwV	4607 Village Fair Dallas Tx	Open7DaysAWeek				
			ITakeAllMajorCreditCards				
			BookWithBMESirJae				
			MakeYouAnAppointmentNow				
Mon Nov 02 22:55:10 +0000 2015	@saharmxo how about u go to a salad bar n eat a salad bc healthy living 24/7	null					
							
							
							
Mon Nov 02 22:55:15 +0000 2015	Texas is happy now we have our blue bell back.??	null					
							
							
							
Mon Nov 02 22:55:17 +0000 2015	???? lmao this emoji exist!! Haha now I can really show people how I feel lol	"Dallas, TX"					
							
							
							
Mon Nov 02 22:55:18 +0000 2015	Me today  https://t.co/9oGIU5C1kW	null					
							
							
							
Mon Nov 02 22:55:18 +0000 2015	currently starving. .. ??	null					
							
							
							
Mon Nov 02 22:55:20 +0000 2015	Can't wait for baby @ox_jaaas to move over here with me at southwest!??????	$ATX					
							
							
							
Mon Nov 02 22:55:20 +0000 2015	@wilw new Star Trek series. Perhaps you could play a disgruntled midget Klingon	null					
							
							
							
Mon Nov 02 22:55:22 +0000 2015	that should be me	6-May					
							
							
							
Mon Nov 02 22:55:22 +0000 2015	Somebody can be making you feel so good but be doing you so wrong ??	theQueen .. ?					
							
							
							
Mon Nov 02 22:55:24 +0000 2015	"*While walking to class today Freshman A:OMG It's No Shave November Freshman B:If I participated,I don't think I could zip up my jeans ????TMI"	null					
							
							
							
Mon Nov 02 22:55:24 +0000 2015	#Open7DaysAWeek  #ITakeAllMajorCreditCards #BookWithBMESirJae https://t.co/8xr0QxexIw #MakeYouAnAppointmentNow https://t.co/2CKncgG4C0	4607 Village Fair Dallas Tx	Open7DaysAWeek				
			ITakeAllMajorCreditCards				
			BookWithBMESirJae				
			MakeYouAnAppointmentNow				
Mon Nov 02 22:55:28 +0000 2015	https://t.co/6iBZsu9bvW	"Addison, TX"					
							
							
							
Mon Nov 02 22:55:29 +0000 2015	@BlackPplVines @ada_sarac	null					
							
							
							
Mon Nov 02 22:55:30 +0000 2015	The #brands of doing #business at #AnchorFlag in #Dallas #Texas.   #Canon #LargeFormat #vinyl and… https://t.co/laa0rRieh8	"Dallas, Texas"	brands				
			business				
			AnchorFlag				
			Dallas				
			Texas				
			Canon				
			LargeFormat				
			vinyl				
Mon Nov 02 22:55:32 +0000 2015	fuck him girl I guess he didn't know any better ..*shrugs*	californiaHeir's					
							
							
							
Mon Nov 02 22:55:32 +0000 2015	#Open7DaysAWeek  #ITakeAllMajorCreditCards #BookWithBMESirJae https://t.co/8xr0QxexIw #MakeYouAnAppointmentNow https://t.co/oEKN08fy5R	4607 Village Fair Dallas Tx	Open7DaysAWeek				
			ITakeAllMajorCreditCards				
			BookWithBMESirJae				
			MakeYouAnAppointmentNow				
Mon Nov 02 22:55:34 +0000 2015	Vernon Davis to the Broncos?? ??	Texas 					
							
							
							
Mon Nov 02 22:55:34 +0000 2015	i say this to myself everyday  https://t.co/CwiKQSzTl9	null					
							
							
							
Mon Nov 02 22:55:34 +0000 2015	"Had 2 get it again before I leave!!!! (@ Whataburger in Dallas, TX) https://t.co/T9IitRov6u"	The District					
							
							
							
Mon Nov 02 22:55:34 +0000 2015	Relative: what are you doing with your life.  Me.......... https://t.co/Q1ZMdXaxts	null					
							
							
							
Mon Nov 02 22:55:36 +0000 2015	Real talk lmao https://t.co/BAvErNSxbo	null					
							
							
							
Mon Nov 02 22:55:37 +0000 2015	@christian_h3 lol I like it ??	null					
							
							
							
Mon Nov 02 22:55:41 +0000 2015	Which one can yall go without?	"Corsicana, TX"					
							
							
							
Mon Nov 02 22:55:41 +0000 2015	#NoShaveNovember  please men.. this is not for all of you.. #JustSaying	#WestTexas	NoShaveNovember				
			JustSaying				
							
							
Mon Nov 02 22:55:42 +0000 2015	?????? O-M-G https://t.co/xh5bbmLSFr	"Silsbee, Texas"					
							
							
							
Mon Nov 02 22:55:42 +0000 2015	Hoevember ???? @briannarheax	"Sulphur Springs, TX"					
							
							
							
Mon Nov 02 22:55:43 +0000 2015	merry Christmas!!!!!!!!!!! @DarianLaplante  https://t.co/6h4sx0zHBH	null					
							
							
							
Mon Nov 02 22:55:45 +0000 2015	#Open7DaysAWeek  #ITakeAllMajorCreditCards #BookWithBMESirJae https://t.co/8xr0QxexIw #MakeYouAnAppointmentNow https://t.co/7adT67MnWn	4607 Village Fair Dallas Tx	Open7DaysAWeek				
			ITakeAllMajorCreditCards				
			BookWithBMESirJae				
			MakeYouAnAppointmentNow				
Mon Nov 02 22:55:46 +0000 2015	@Rodriguez Any chance a real hero like yourself could throw your support for this cause? @Capes_Vs_Cancer https://t.co/0RtseBq58h	"Burbank, CA"					
							
							
							
Mon Nov 02 22:55:48 +0000 2015	Should females participate in no shave November? ??	with your mother					
							
							
							
Mon Nov 02 22:55:50 +0000 2015	Everybody's telling me to do the same thing .. Hmmm ??	village wanker 					
							
							
							
Mon Nov 02 22:55:52 +0000 2015	DJ set by @DRNRDX @ #RandomArtMixer ??????   https://t.co/fR9A5Dsrwx	We Are Dallas TX	RandomArtMixer				
							
							
							
Mon Nov 02 22:55:52 +0000 2015	Treated myself with a new mk purse and a matching wallet ??	"Grand Prairie, TX"					
							
							
							
Mon Nov 02 22:55:54 +0000 2015	@Vote_American they're not supposed to legislate from the bench!	"Dallas, Texas"					
							
							
							
Mon Nov 02 22:55:56 +0000 2015	@gucci1017 & @Pharrell killed #HaveItAll	DTX.Out Here!	HaveItAll				
							
							
							
Mon Nov 02 22:55:56 +0000 2015	Practice at 8????	"Dallas, TX"					
							
							
							
Mon Nov 02 22:55:59 +0000 2015	BLUE BELL IS BACK AND I COULDN'T BE MORE EXCITED @ILoveBlueBell	my own world					
							
							
							
Mon Nov 02 22:56:00 +0000 2015	#PuertoVallarta #Condo #Renta V399 PH 5 https://t.co/unbzoaEj7Q #FinDeSemana #turismofamiliar #vacaciones #MéxicoVíveloparacreerlo	"Puerto Vallarta, Mexico"	PuertoVallarta				
			Condo				
			Renta				
			FinDeSemana				
			turismofamiliar				
			vacaciones				
			MéxicoVíveloparacreerlo				
Mon Nov 02 22:56:00 +0000 2015	@toothandnail cd	tx					
							
							
							
Mon Nov 02 22:56:01 +0000 2015	Same https://t.co/cfFvdG5m60	"San Angelo, Texas. R.I.P Dub"					
							
							
							
Mon Nov 02 22:56:01 +0000 2015	Woah!!! Hol on... Plug blowin up my damn phone	RIP NEWT!					
							
							
							
Mon Nov 02 22:56:02 +0000 2015	https://t.co/CfMJKcbW5e	"Addison, TX"					
							
							
							
Mon Nov 02 22:56:03 +0000 2015	"she say she miss the old addi, girl don't tempt me. https://t.co/CD1zU1Xban"	null					
							
							
							
Mon Nov 02 22:56:04 +0000 2015	BOOYYY!!!! ???????????? https://t.co/3BCVbwrL0r	"Dallas, TX"					
							
							
							
Mon Nov 02 22:56:04 +0000 2015	@KobeFuente @ParkerHamilton7 @marissa_hoiles @kaylahcastillo_	with your mother					
							
							
							
Mon Nov 02 22:56:05 +0000 2015	@madsduh are you going to study?	at the gym					
							
							
							
Mon Nov 02 22:56:06 +0000 2015	can the subtweeting stop	"burnet, tx"					
							
							
							
Mon Nov 02 22:56:06 +0000 2015	@lazybuttjess their fries go hardddd! ????	"sa, texas "					
							
							
							
Mon Nov 02 22:56:08 +0000 2015	lauren came to save me cause my car wouldn't turn on (-:	null					
							
							
							
Mon Nov 02 22:56:09 +0000 2015	"HOUSTON VOTE NO on Prop1 ""HERO"", like all sexual orientation & gender identity laws, is bad public policy. https://t.co/hGQFWYQE37  SOGI"	TEXAS					
							
							
							
Mon Nov 02 22:56:10 +0000 2015	@CROSSMARKJobs @matthew_hitt @Meljo1985 @NeysaCrossmark @km_crossmark @courtney2050 https://t.co/DkFoPqFeWA	"Plano, TX"					
							
							
							
							
							
							
							
Mon Nov 02 22:56:12 +0000 2015	I'm better than your nigga in bed.I bet you.....	null					
							
							
							
Mon Nov 02 22:56:13 +0000 2015	@SoleibyGisselle no I just! ??????	"Needville, Texas"					
							
							
							
Mon Nov 02 22:56:14 +0000 2015	"Via @dallasnews: Santos Rodriguez' mother attends Seattle tribute to slain son, @SMU @SMUEHRP names 1st SR scholar https://t.co/p9XdeKbMBX"	"Dallas, Texas"					
							
							
							
Mon Nov 02 22:56:14 +0000 2015	"Si el dinero es mio no quieran mandarme, porque al ser alegre es mi vicio mas grande"	texas					
							
							
							
Mon Nov 02 22:56:15 +0000 2015	Omg that's even better then we can laugh together  https://t.co/CE0UGZKVtf	null					
							
							
							
Mon Nov 02 22:56:15 +0000 2015	"I'm at Kroger in Pearland, TX https://t.co/3Iun0VZvti"	"Columbus, GA ? Houston, TX"					
							
							
							
Mon Nov 02 22:56:16 +0000 2015	#Open7DaysAWeek  #ITakeAllMajorCreditCards #BookWithBMESirJae https://t.co/8xr0QxexIw #MakeYouAnAppointmentNow https://t.co/0xLIi4C22d	4607 Village Fair Dallas Tx	Open7DaysAWeek				
			ITakeAllMajorCreditCards				
			BookWithBMESirJae				
			MakeYouAnAppointmentNow				
Mon Nov 02 22:56:16 +0000 2015	True dat  https://t.co/gIVlcZFM5p	null					
							
							
							
Mon Nov 02 22:56:16 +0000 2015	@elizondo_omar yeah he opens	"Robstown, TX"					
							
							
							
Mon Nov 02 22:56:20 +0000 2015	I wanna take someone to CFA	null					
							
							
							
Mon Nov 02 22:56:21 +0000 2015	#PuertoVallarta #Condo #Renta V177 401 https://t.co/QIb3qYuW3c #FinDeSemana #turismofamiliar #vacaciones #MéxicoVíveloparacreerlo	"Puerto Vallarta, Mexico"	PuertoVallarta				
			Condo				
			Renta				
			FinDeSemana				
			turismofamiliar				
			vacaciones				
			MéxicoVíveloparacreerlo				
Mon Nov 02 22:56:22 +0000 2015	"How embarrassing that i just went to spell warm like, ""walm"" lol sixth form where u at to sort me out"	village wanker 					
							
							
							
Mon Nov 02 22:56:25 +0000 2015	Here and I thought she was your sister @QuincyLovesBBWS  https://t.co/VCa73hEKcg	null					
							
							
							
Mon Nov 02 22:56:27 +0000 2015	Texas Forever ???????? #TBtoSaturday https://t.co/qhhzwnRF1n	dtx	TBtoSaturday				
							
							
							
Mon Nov 02 22:56:27 +0000 2015	@WeJustTrynnaEat you tryna toke ?	INTERNATIONAL??DALLAS					
							
							
							
Mon Nov 02 22:56:28 +0000 2015	Basically  https://t.co/WLybgMOp4Q	null					
							
							
							
Mon Nov 02 22:56:28 +0000 2015	#Open7DaysAWeek  #ITakeAllMajorCreditCards #BookWithBMESirJae https://t.co/8xr0QxexIw #MakeYouAnAppointmentNow https://t.co/xxM70whB0Y	4607 Village Fair Dallas Tx	Open7DaysAWeek				
			ITakeAllMajorCreditCards				
			BookWithBMESirJae				
			MakeYouAnAppointmentNow				
Mon Nov 02 22:56:29 +0000 2015	@cristiankrumz @JayTheCorruptor @Lousywaves https://t.co/vCr4LZXTi5	"Mesquite, TX"					
							
							
							
Mon Nov 02 22:56:30 +0000 2015	@Vote_American didn't say anything about PC	"Dallas, Texas"					
							
							
							
Mon Nov 02 22:56:32 +0000 2015	after fav's like https://t.co/EdyzmsXPDV	null					
							
							
							
Mon Nov 02 22:56:33 +0000 2015	Yep ????#bodypump  #gymtime #nevergiveup #pushyourlimits ???? @ Impact… https://t.co/q0vQ2DpwxQ	null	bodypump				
			gymtime				
			nevergiveup				
			pushyourlimits				
Mon Nov 02 22:56:35 +0000 2015	No Hoes just You.	Lost in Sauce					
							
							
							
Mon Nov 02 22:56:35 +0000 2015	@Winners_Section woulda been a lot worse without steel toe boots	Hill Side					
							
							
							
Mon Nov 02 22:56:36 +0000 2015	@heidixj ight bet	"$$$, TX. "					
							
							
							
Mon Nov 02 22:56:36 +0000 2015	https://t.co/OaUTqiOKKx	?up?o???					
							
							
							
							
							
							
							
							
							
							
							
Mon Nov 02 22:56:37 +0000 2015	"Ah, free t-shirts. Thank you band."	"Dripping Springs, TX"					
							
							
							
Mon Nov 02 22:56:38 +0000 2015	#NoShaveNovember	null	NoShaveNovember				
							
							
							
Mon Nov 02 22:56:39 +0000 2015	everybody posting funny pics???? bet	null					
							
							
							
Mon Nov 02 22:56:41 +0000 2015	S/o to me for finishing my cards for Mrs. B	"the wood, tx "					
							
							
							
Mon Nov 02 22:56:42 +0000 2015	@shawnrohdenburg why did D Wade take a towel and wipe all of sweat off and wiped a little kid down in the towel?	Dallas 'burbs					
							
							
							
Mon Nov 02 22:56:42 +0000 2015	#Open7DaysAWeek  #ITakeAllMajorCreditCards #BookWithBMESirJae https://t.co/8xr0QxexIw #MakeYouAnAppointmentNow https://t.co/J6HUS6iKcI	4607 Village Fair Dallas Tx	Open7DaysAWeek				
			ITakeAllMajorCreditCards				
			BookWithBMESirJae				
			MakeYouAnAppointmentNow				
Mon Nov 02 22:56:43 +0000 2015	@aquapranav @WhennBoys idek how you're surviving	FTX					
							
							
							
Mon Nov 02 22:56:45 +0000 2015	???????????? https://t.co/kRnhawksbl	México					
							
							
							
							
							
							
							
							
							
							
							
Mon Nov 02 22:56:45 +0000 2015	You say your day was long well tell daddy what's wrong ??	theQueen .. ?					
							
							
							
Mon Nov 02 22:56:45 +0000 2015	#flood2015 @ Pinewood https://t.co/LiIaelm2dL	"Sour Lake, Texas"	flood2015				
							
							
							
Mon Nov 02 22:56:47 +0000 2015	@yungbnut clever	"nora (dallas,tx)"					
							
							
							
Mon Nov 02 22:56:48 +0000 2015	Bitch what???? @p_slickk  https://t.co/1Kb5PRtVaw	null					
							
							
							
Mon Nov 02 22:56:48 +0000 2015	Hola amigos de club penguin y el mundo ????	México					
							
							
							
Mon Nov 02 22:56:48 +0000 2015	Bruh. I cant take you serious right now. Future is not even top 5 https://t.co/WDzonSvvtW	New Orleans ? Dallas					
							
							
							
Mon Nov 02 22:56:50 +0000 2015	Happy birthday! Love and miss you sooo much beautiful! (This is the only pic I have of us still??????) @meila_gates https://t.co/ya8pdJBTns	Somewhere dancing					
							
							
							
Mon Nov 02 22:56:50 +0000 2015	OUR FEET IN THE SECOND PIC @redridingho  https://t.co/04RjAItgM9	htx/gublerland					
							
							
							
							
							
							
							
							
							
							
							
Mon Nov 02 22:56:51 +0000 2015	it sucks when you're lonely	6-May					
							
							
							
Mon Nov 02 22:56:52 +0000 2015	@S_Leeds thanks for follow Sherry..	infinity & beyond					
							
							
							
Mon Nov 02 22:56:52 +0000 2015	DO U EVER JUST NEED A TO POOP AND HE DECIDES TO SCARE IT AWAY WITH A RUSTED MACHETE YEAH SAME https://t.co/l65kdh73mD	null					
							
							
							
Mon Nov 02 22:56:52 +0000 2015	@Maxwellminus It was a conspiracy for popularity the whole time.	with ya man 					
							
							
							
Mon Nov 02 22:56:53 +0000 2015	Colin Kaepernick trash asf yall hyped him to the fullest	"Corsicana, TX"					
							
							
							
Mon Nov 02 22:56:53 +0000 2015	I just need a sugardaddy and my problems would be solved	dallas					
							
							
							
Mon Nov 02 22:56:55 +0000 2015	"You were so new to this life, but god damn you got adjusted.??"	null					
							
							
							
Mon Nov 02 22:56:56 +0000 2015	The burgundy jacket?? https://t.co/Dk4KIGxihk	null					
							
							
							
							
							
							
							
Mon Nov 02 22:56:57 +0000 2015	the amount of homework i have makes me want to light myself on fire	tx					
							
							
							
Mon Nov 02 22:56:57 +0000 2015	@dawson_lake this will be you this year! https://t.co/Roip0zGYbd	null					
							
							
							
							
Mon Nov 02 22:56:58 +0000 2015	Basically our relationship in a picture ???????? https://t.co/kW3kCJZh6p	ETX					
							
							
							
Mon Nov 02 22:56:59 +0000 2015	@sammantha_2018	null					
							
							
							
Mon Nov 02 22:57:00 +0000 2015	System of a down never disappoints	"Shirakawa, Gifu-ken"					
							
							
							
Mon Nov 02 22:56:59 +0000 2015	#Open7DaysAWeek  #ITakeAllMajorCreditCards #BookWithBMESirJae https://t.co/8xr0QxexIw #MakeYouAnAppointmentNow https://t.co/BKyk136Nfh	4607 Village Fair Dallas Tx	Open7DaysAWeek				
			ITakeAllMajorCreditCards				
			BookWithBMESirJae				
			MakeYouAnAppointmentNow				
Mon Nov 02 22:57:00 +0000 2015	https://t.co/Bn8203hgYy	null					
							
							
							
Mon Nov 02 22:57:02 +0000 2015	LOL https://t.co/gOxTW4W7Vu	"La Vernia, TX"					
							
							
							
							
							
Mon Nov 02 22:57:02 +0000 2015	@tapatia05 bet you put yaaas	"Garland, TX"					
							
							
							
Mon Nov 02 22:57:02 +0000 2015	Walked into a door because I was checking out a barista. #smoothmoves	null	smoothmoves				
							
							
							
Mon Nov 02 22:57:03 +0000 2015	Thought about cracking back out today https://t.co/L2PkkgrkpI	null					
							
							
							
Mon Nov 02 22:57:05 +0000 2015	"so thankful to call these 2 hotties my ride or dies, ILYSM?? https://t.co/YbDJFMrceh"	"newton, texas"					
							
							
							
							
							
							
							
							
							
							
							
							
							
							
							
Mon Nov 02 22:57:07 +0000 2015	Nothing toxic comes from genuine love.	"Colorado City, TX"					
							
							
							
Mon Nov 02 22:57:10 +0000 2015	Teletubbies Noo Noo Original Soundsxcccccgwruujkikoooooiiioiootyghhtyjyyggur https://t.co/1pCoAa0ttM	Dallas					
							
							
							
Mon Nov 02 22:57:10 +0000 2015	You can't be stuck on your ex if you're trying to be down for someone else.	"Jefferson, TX"					
							
							
							
Mon Nov 02 22:57:11 +0000 2015	Esto es ser estúpido  a más no poder....  https://t.co/VYsF1KbFtq	#WestTexas					
							
							
							
Mon Nov 02 22:57:12 +0000 2015	Slightly obsessed ?? https://t.co/Bd7XDBVsQz	GTX					
							
							
							
Mon Nov 02 22:57:13 +0000 2015	???? https://t.co/7FhXaT56Rs	ETX					
							
							
							
Mon Nov 02 22:57:15 +0000 2015	"If you're a #Nursing professional in #Richardson, TX, check out this #job: https://t.co/6Ls0AL8dSv #Hiring"	"DFW, Texas"	Nursing				
			Richardson				
			job				
			Hiring				
Mon Nov 02 22:57:15 +0000 2015	My life https://t.co/CiDfY03gvz	"Magnolia, TX"					
							
							
							
Mon Nov 02 22:57:16 +0000 2015	so beautiful ?????? https://t.co/Atmz3QYlHN	"McKinney, TX"					
							
							
							
Mon Nov 02 22:57:18 +0000 2015	Always seem to be in the wrong	village wanker 					
							
							
							
Mon Nov 02 22:57:19 +0000 2015	I finally get to see my boy play this week!!?? @A_flore5	Caddo Mills 					
							
							
							
Mon Nov 02 22:57:21 +0000 2015	did yall know car washes are million dollar business??	Dallas Texas					
							
							
							
Mon Nov 02 22:57:22 +0000 2015	"We're #hiring! Click to apply: Dishwasher - https://t.co/dXtoi0U7mk #Hospitality #RoundRock, TX #Job #Jobs #CareerArc"	"Austin, TX"	hiring				
			Hospitality				
			RoundRock				
			Job				
			Jobs				
			CareerArc				
Mon Nov 02 22:57:22 +0000 2015	WOW https://t.co/ELhIACxAMH	null					
							
							
							
Mon Nov 02 22:57:23 +0000 2015	@amy__mtz13 oh my god he looks so grown up & handsome. ????	254 tx					
							
							
							
Mon Nov 02 22:57:24 +0000 2015	Lmao how I feel at this moment. https://t.co/YF315ctEAV	Texas 					
							
							
							
Mon Nov 02 22:57:24 +0000 2015	Is you really bout yo money or nah ?	some place higher 					
